<?xml version="1.0" encoding="UTF-8" standalone="no"?>
<LandXML xmlns="http://www.landxml.org/schema/LandXML-1.1" date="2023-02-08" time="09:31:59" version="1.1" xmlns:xsi="http://www.w3.org/2001/XMLSchema-instance" xsi:schemaLocation="http://www.landxml.org/schema/LandXML-1.1 http://www.landxml.org/schema/LandXML-1.1/LandXML-1.1.xsd">
    <Units xmlns="http://www.landxml.org/schema/LandXML-1.0">
        <Metric angularUnit="radians" areaUnit="squareMeter" linearUnit="meter" pressureUnit="HPA" temperatureUnit="celsius" volumeUnit="liter"/>
    </Units>
    <Project xmlns="http://www.landxml.org/schema/LandXML-1.0" desc="Amberg Tunnel export" name="Exhibition Heading"/>
    <Application xmlns="http://www.landxml.org/schema/LandXML-1.0" manufacturer="AT Technologies AG" manufacturerURL="http://www.amberg.ch/at" name="Amberg Tunnel" version="2.5.0.0">
        <Author createdBy="Amberg Tunnel"/>
    </Application>
    <Alignments xmlns="http://www.landxml.org/schema/LandXML-1.0" name="Exhibition Heading">
        <Alignment length="522.0005387833" name="Exhibition Heading" staStart="200">
            <TunnelProfiles profileType="perpendicular">
                <TunnelProfile sta="302" name="Excavation Type A">
                    <TunnelProfSurf name="1. Model Excavation">
                        <TunnelCoordGeom name="Excavation Type A_1. Model Excavation">
                            <Line name="line" staStart="0">
                                <Start>-1 0.1</Start>
                                <End>-1 -2.4</End>
                            </Line>
                            <Line name="line" staStart="0">
                                <Start>-1 -2.4</Start>
                                <End>1.0500000388 -2.4</End>
                            </Line>
                            <Curve crvType="arc" radius="2.4999980576" rot="cw" staStart="0">
                                <Start>1.0500000388 -2.4</Start>
                                <End>3.55 0.0999999253</End>
                                <Center>1.0500019424 0.0999980576</Center>
                            </Curve>
                            <Curve crvType="arc" radius="2.4999980576" rot="cw" staStart="0">
                                <Start>3.55 0.0999999253</Start>
                                <End>1.0500000376 2.6</End>
                                <Center>1.0500019424 0.1000019424</Center>
                            </Curve>
                            <Line name="line" staStart="0">
                                <Start>1.0500000376 2.6</Start>
                                <End>-1 2.6</End>
                            </Line>
                            <Line name="line" staStart="0">
                                <Start>-1 2.6</Start>
                                <End>-1 0.1</End>
                            </Line>
                        </TunnelCoordGeom>
                    </TunnelProfSurf>
                </TunnelProfile>
                <TunnelProfile sta="480" name="Excavation Type A">
                    <TunnelProfSurf name="1. Model Excavation">
                        <TunnelCoordGeom name="Excavation Type A_1. Model Excavation">
                            <Line name="line" staStart="0">
                                <Start>-1 0.1</Start>
                                <End>-1 -2.4</End>
                            </Line>
                            <Line name="line" staStart="0">
                                <Start>-1 -2.4</Start>
                                <End>1.0500000388 -2.4</End>
                            </Line>
                            <Curve crvType="arc" radius="2.4999980576" rot="cw" staStart="0">
                                <Start>1.0500000388 -2.4</Start>
                                <End>3.55 0.0999999253</End>
                                <Center>1.0500019424 0.0999980576</Center>
                            </Curve>
                            <Curve crvType="arc" radius="2.4999980576" rot="cw" staStart="0">
                                <Start>3.55 0.0999999253</Start>
                                <End>1.0500000376 2.6</End>
                                <Center>1.0500019424 0.1000019424</Center>
                            </Curve>
                            <Line name="line" staStart="0">
                                <Start>1.0500000376 2.6</Start>
                                <End>-1 2.6</End>
                            </Line>
                            <Line name="line" staStart="0">
                                <Start>-1 2.6</Start>
                                <End>-1 0.1</End>
                            </Line>
                        </TunnelCoordGeom>
                    </TunnelProfSurf>
                </TunnelProfile>
                <TunnelProfile sta="490" name="Shotcrete Type 0">
                    <TunnelProfSurf name="1. Model Excavation">
                        <TunnelCoordGeom name="Shotcrete Type 0_1. Model Excavation">
                            <Line name="line" staStart="0">
                                <Start>-1 0.05</Start>
                                <End>-1 -2.75</End>
                            </Line>
                            <Line name="line" staStart="0">
                                <Start>-1 -2.75</Start>
                                <End>1.3499999264 -2.75</End>
                            </Line>
                            <Curve crvType="arc" radius="2.7999980576" rot="cw" staStart="0">
                                <Start>1.3499999264 -2.75</Start>
                                <End>4.15 0.0500001494</End>
                                <Center>1.3500019424 0.0499980576</Center>
                            </Curve>
                            <Curve crvType="arc" radius="2.7999980576" rot="cw" staStart="0">
                                <Start>4.15 0.0500001494</Start>
                                <End>1.3499999264 2.85</End>
                                <Center>1.3500019424 0.0500019424</Center>
                            </Curve>
                            <Line name="line" staStart="0">
                                <Start>1.3499999264 2.85</Start>
                                <End>-1 2.85</End>
                            </Line>
                            <Line name="line" staStart="0">
                                <Start>-1 2.85</Start>
                                <End>-1 0.05</End>
                            </Line>
                        </TunnelCoordGeom>
                    </TunnelProfSurf>
                </TunnelProfile>
                <TunnelProfile sta="500" name="Excavation Type 1">
                    <TunnelProfSurf name="1. Model Excavation">
                        <TunnelCoordGeom name="Excavation Type 1_1. Model Excavation">
                            <Line name="line" staStart="0">
                                <Start>-1 1</Start>
                                <End>-1 -1.7</End>
                            </Line>
                            <Line name="line" staStart="0">
                                <Start>-1 -1.7</Start>
                                <End>1.8035110317 -1.7</End>
                            </Line>
                            <Curve crvType="arc" radius="2.6999978335" rot="cw" staStart="0">
                                <Start>1.8035110317 -1.7</Start>
                                <End>4.6000000355 0.9998809026</End>
                                <Center>1.9000026807 0.9982730889</Center>
                            </Curve>
                            <Curve crvType="arc" radius="3.5" rot="cw" staStart="0">
                                <Start>4.6000000355 0.9998809026</Start>
                                <End>1.7807475896 4.6</End>
                                <Center>1.1039473489 1.1660603625</Center>
                            </Curve>
                            <Line name="line" staStart="0">
                                <Start>1.7807475896 4.6</Start>
                                <End>-1 4.6</End>
                            </Line>
                            <Line name="line" staStart="0">
                                <Start>-1 4.6</Start>
                                <End>-1 1</End>
                            </Line>
                        </TunnelCoordGeom>
                    </TunnelProfSurf>
                </TunnelProfile>
                <TunnelProfile sta="502" name="Excavation Type 2">
                    <TunnelProfSurf name="1. Model Excavation">
                        <TunnelCoordGeom name="Excavation Type 2_1. Model Excavation">
                            <Line name="line" staStart="0">
                                <Start>-1 1</Start>
                                <End>-1 -1.8</End>
                            </Line>
                            <Line name="line" staStart="0">
                                <Start>-1 -1.8</Start>
                                <End>3.4113596915 -1.8</End>
                            </Line>
                            <Curve crvType="arc" radius="2.7999980576" rot="cw" staStart="0">
                                <Start>3.4113596915 -1.8</Start>
                                <End>5.8999955415 1.0013354382</End>
                                <Center>3.1000599033 0.9826393163</Center>
                            </Curve>
                            <Curve crvType="arc" radius="6.7" rot="cw" staStart="0">
                                <Start>5.8999955415 1.0013354382</Start>
                                <End>3.4726617743 6.2</End>
                                <Center>-0.7998982145 1.0390668342</Center>
                            </Curve>
                            <Line name="line" staStart="0">
                                <Start>3.4726617743 6.2</Start>
                                <End>-1 6.2</End>
                            </Line>
                            <Line name="line" staStart="0">
                                <Start>-1 6.2</Start>
                                <End>-1 1</End>
                            </Line>
                        </TunnelCoordGeom>
                    </TunnelProfSurf>
                </TunnelProfile>
                <TunnelProfile sta="507" name="Excavation Type 2">
                    <TunnelProfSurf name="1. Model Excavation">
                        <TunnelCoordGeom name="Excavation Type 2_1. Model Excavation">
                            <Line name="line" staStart="0">
                                <Start>-1 1</Start>
                                <End>-1 -1.8</End>
                            </Line>
                            <Line name="line" staStart="0">
                                <Start>-1 -1.8</Start>
                                <End>3.4113596915 -1.8</End>
                            </Line>
                            <Curve crvType="arc" radius="2.7999980576" rot="cw" staStart="0">
                                <Start>3.4113596915 -1.8</Start>
                                <End>5.8999955415 1.0013354382</End>
                                <Center>3.1000599033 0.9826393163</Center>
                            </Curve>
                            <Curve crvType="arc" radius="6.7" rot="cw" staStart="0">
                                <Start>5.8999955415 1.0013354382</Start>
                                <End>3.4726617743 6.2</End>
                                <Center>-0.7998982145 1.0390668342</Center>
                            </Curve>
                            <Line name="line" staStart="0">
                                <Start>3.4726617743 6.2</Start>
                                <End>-1 6.2</End>
                            </Line>
                            <Line name="line" staStart="0">
                                <Start>-1 6.2</Start>
                                <End>-1 1</End>
                            </Line>
                        </TunnelCoordGeom>
                    </TunnelProfSurf>
                </TunnelProfile>
                <TunnelProfile sta="509" name="Excavation Type 3">
                    <TunnelProfSurf name="1. Model Excavation">
                        <TunnelCoordGeom name="Excavation Type 3_1. Model Excavation">
                            <Line name="line" staStart="0">
                                <Start>-1 0</Start>
                                <End>-1 -2.9</End>
                            </Line>
                            <Line name="line" staStart="0">
                                <Start>-1 -2.9</Start>
                                <End>1.15 -2.9</End>
                            </Line>
                            <Curve crvType="arc" radius="2.8999978335" rot="cw" staStart="0">
                                <Start>1.15 -2.9</Start>
                                <End>4.05 0</End>
                                <Center>1.1500021665 -0.0000021665</Center>
                            </Curve>
                            <Curve crvType="arc" radius="2.8999978335" rot="cw" staStart="0">
                                <Start>4.05 0</Start>
                                <End>1.15 2.9</End>
                                <Center>1.1500021665 0.0000021665</Center>
                            </Curve>
                            <Line name="line" staStart="0">
                                <Start>1.15 2.9</Start>
                                <End>-1 2.9</End>
                            </Line>
                            <Line name="line" staStart="0">
                                <Start>-1 2.9</Start>
                                <End>-1 0</End>
                            </Line>
                        </TunnelCoordGeom>
                    </TunnelProfSurf>
                </TunnelProfile>
                <TunnelProfile sta="511.6" name="Excavation Type 3">
                    <TunnelProfSurf name="1. Model Excavation">
                        <TunnelCoordGeom name="Excavation Type 3_1. Model Excavation">
                            <Line name="line" staStart="0">
                                <Start>-1 0</Start>
                                <End>-1 -2.9</End>
                            </Line>
                            <Line name="line" staStart="0">
                                <Start>-1 -2.9</Start>
                                <End>1.15 -2.9</End>
                            </Line>
                            <Curve crvType="arc" radius="2.8999978335" rot="cw" staStart="0">
                                <Start>1.15 -2.9</Start>
                                <End>4.05 0</End>
                                <Center>1.1500021665 -0.0000021665</Center>
                            </Curve>
                            <Curve crvType="arc" radius="2.8999978335" rot="cw" staStart="0">
                                <Start>4.05 0</Start>
                                <End>1.15 2.9</End>
                                <Center>1.1500021665 0.0000021665</Center>
                            </Curve>
                            <Line name="line" staStart="0">
                                <Start>1.15 2.9</Start>
                                <End>-1 2.9</End>
                            </Line>
                            <Line name="line" staStart="0">
                                <Start>-1 2.9</Start>
                                <End>-1 0</End>
                            </Line>
                        </TunnelCoordGeom>
                    </TunnelProfSurf>
                </TunnelProfile>
                <TunnelProfile sta="511.6" name="Excavation">
                    <TunnelProfSurf name="1. Model Excavation">
                        <TunnelCoordGeom name="Excavation_1. Model Excavation">
                            <Line name="line" staStart="0">
                                <Start>-0.1 0</Start>
                                <End>-0.1 -0.375</End>
                            </Line>
                            <Line name="line" staStart="0">
                                <Start>-0.1 -0.375</Start>
                                <End>0.7 -0.375</End>
                            </Line>
                            <Curve crvType="arc" radius="0.375" rot="cw" staStart="0">
                                <Start>0.7 -0.375</Start>
                                <End>1.1 0</End>
                                <Center>0.7250009281 -0.0008343233</Center>
                            </Curve>
                            <Curve crvType="arc" radius="0.375" rot="cw" staStart="0">
                                <Start>1.1 0</Start>
                                <End>0.7 0.375</End>
                                <Center>0.7250009281 0.0008343233</Center>
                            </Curve>
                            <Line name="line" staStart="0">
                                <Start>0.7 0.375</Start>
                                <End>-0.1 0.375</End>
                            </Line>
                            <Line name="line" staStart="0">
                                <Start>-0.1 0.375</Start>
                                <End>-0.1 0</End>
                            </Line>
                        </TunnelCoordGeom>
                    </TunnelProfSurf>
                </TunnelProfile>
                <TunnelProfile sta="600" name="Excavation">
                    <TunnelProfSurf name="1. Model Excavation">
                        <TunnelCoordGeom name="Excavation_1. Model Excavation">
                            <Line name="line" staStart="0">
                                <Start>-0.1 0</Start>
                                <End>-0.1 -0.375</End>
                            </Line>
                            <Line name="line" staStart="0">
                                <Start>-0.1 -0.375</Start>
                                <End>0.7 -0.375</End>
                            </Line>
                            <Curve crvType="arc" radius="0.375" rot="cw" staStart="0">
                                <Start>0.7 -0.375</Start>
                                <End>1.1 0</End>
                                <Center>0.7250009281 -0.0008343233</Center>
                            </Curve>
                            <Curve crvType="arc" radius="0.375" rot="cw" staStart="0">
                                <Start>1.1 0</Start>
                                <End>0.7 0.375</End>
                                <Center>0.7250009281 0.0008343233</Center>
                            </Curve>
                            <Line name="line" staStart="0">
                                <Start>0.7 0.375</Start>
                                <End>-0.1 0.375</End>
                            </Line>
                            <Line name="line" staStart="0">
                                <Start>-0.1 0.375</Start>
                                <End>-0.1 0</End>
                            </Line>
                        </TunnelCoordGeom>
                    </TunnelProfSurf>
                </TunnelProfile>
                <TunnelProfile sta="302" name="Shotcrete Type A">
                    <TunnelProfSurf name="2. Model Shotcrete">
                        <TunnelCoordGeom name="Shotcrete Type A_2. Model Shotcrete">
                            <Line name="line" staStart="0">
                                <Start>-1 0.1</Start>
                                <End>-1 -2.2</End>
                            </Line>
                            <Line name="line" staStart="0">
                                <Start>-1 -2.2</Start>
                                <End>0.8500001164 -2.2</End>
                            </Line>
                            <Curve crvType="arc" radius="2.2999980576" rot="cw" staStart="0">
                                <Start>0.8500001164 -2.2</Start>
                                <End>3.15 0.0999997759</End>
                                <Center>0.8500019424 0.0999980576</Center>
                            </Curve>
                            <Curve crvType="arc" radius="2.2999980576" rot="cw" staStart="0">
                                <Start>3.15 0.0999997759</Start>
                                <End>0.8500001152 2.4</End>
                                <Center>0.8500019424 0.1000019424</Center>
                            </Curve>
                            <Line name="line" staStart="0">
                                <Start>0.8500001152 2.4</Start>
                                <End>-1 2.4</End>
                            </Line>
                            <Line name="line" staStart="0">
                                <Start>-1 2.4</Start>
                                <End>-1 0.1</End>
                            </Line>
                        </TunnelCoordGeom>
                    </TunnelProfSurf>
                </TunnelProfile>
                <TunnelProfile sta="480" name="Shotcrete Type A">
                    <TunnelProfSurf name="2. Model Shotcrete">
                        <TunnelCoordGeom name="Shotcrete Type A_2. Model Shotcrete">
                            <Line name="line" staStart="0">
                                <Start>-1 0.1</Start>
                                <End>-1 -2.2</End>
                            </Line>
                            <Line name="line" staStart="0">
                                <Start>-1 -2.2</Start>
                                <End>0.8500001164 -2.2</End>
                            </Line>
                            <Curve crvType="arc" radius="2.2999980576" rot="cw" staStart="0">
                                <Start>0.8500001164 -2.2</Start>
                                <End>3.15 0.0999997759</End>
                                <Center>0.8500019424 0.0999980576</Center>
                            </Curve>
                            <Curve crvType="arc" radius="2.2999980576" rot="cw" staStart="0">
                                <Start>3.15 0.0999997759</Start>
                                <End>0.8500001152 2.4</End>
                                <Center>0.8500019424 0.1000019424</Center>
                            </Curve>
                            <Line name="line" staStart="0">
                                <Start>0.8500001152 2.4</Start>
                                <End>-1 2.4</End>
                            </Line>
                            <Line name="line" staStart="0">
                                <Start>-1 2.4</Start>
                                <End>-1 0.1</End>
                            </Line>
                        </TunnelCoordGeom>
                    </TunnelProfSurf>
                </TunnelProfile>
                <TunnelProfile sta="490" name="Shotcrete Type 0">
                    <TunnelProfSurf name="2. Model Shotcrete">
                        <TunnelCoordGeom name="Shotcrete Type 0_2. Model Shotcrete">
                            <Line name="line" staStart="0">
                                <Start>-1 0.05</Start>
                                <End>-1 -2.55</End>
                            </Line>
                            <Line name="line" staStart="0">
                                <Start>-1 -2.55</Start>
                                <End>1.15 -2.55</End>
                            </Line>
                            <Curve crvType="arc" radius="2.5999980576" rot="cw" staStart="0">
                                <Start>1.15 -2.55</Start>
                                <End>3.75 0.05</End>
                                <Center>1.1500019424 0.0499980576</Center>
                            </Curve>
                            <Curve crvType="arc" radius="2.5999980576" rot="cw" staStart="0">
                                <Start>3.75 0.05</Start>
                                <End>1.15 2.65</End>
                                <Center>1.1500019424 0.0500019424</Center>
                            </Curve>
                            <Line name="line" staStart="0">
                                <Start>1.15 2.65</Start>
                                <End>-1 2.65</End>
                            </Line>
                            <Line name="line" staStart="0">
                                <Start>-1 2.65</Start>
                                <End>-1 0.05</End>
                            </Line>
                        </TunnelCoordGeom>
                    </TunnelProfSurf>
                </TunnelProfile>
                <TunnelProfile sta="500" name="Shotcrete Type 4">
                    <TunnelProfSurf name="2. Model Shotcrete">
                        <TunnelCoordGeom name="Shotcrete Type 4_2. Model Shotcrete">
                            <Line name="line" staStart="0">
                                <Start>-1 1</Start>
                                <End>-1 -1.6</End>
                            </Line>
                            <Line name="line" staStart="0">
                                <Start>-1 -1.6</Start>
                                <End>1.15 -1.6</End>
                            </Line>
                            <Curve crvType="arc" radius="2.5999980576" rot="cw" staStart="0">
                                <Start>1.15 -1.6</Start>
                                <End>3.75 1</End>
                                <Center>1.1500019424 0.9999980576</Center>
                            </Curve>
                            <Curve crvType="arc" radius="2.5999980576" rot="cw" staStart="0">
                                <Start>3.75 1</Start>
                                <End>1.15 3.6</End>
                                <Center>1.1500019424 1.0000019424</Center>
                            </Curve>
                            <Line name="line" staStart="0">
                                <Start>1.15 3.6</Start>
                                <End>-1 3.6</End>
                            </Line>
                            <Line name="line" staStart="0">
                                <Start>-1 3.6</Start>
                                <End>-1 1</End>
                            </Line>
                        </TunnelCoordGeom>
                    </TunnelProfSurf>
                </TunnelProfile>
                <TunnelProfile sta="502" name="Shotcrete Type 2">
                    <TunnelProfSurf name="2. Model Shotcrete">
                        <TunnelCoordGeom name="Shotcrete Type 2_2. Model Shotcrete">
                            <Line name="line" staStart="0">
                                <Start>-1 1</Start>
                                <End>-1 -1.6</End>
                            </Line>
                            <Line name="line" staStart="0">
                                <Start>-1 -1.6</Start>
                                <End>3.2 -1.6</End>
                            </Line>
                            <Curve crvType="arc" radius="2.5999980576" rot="cw" staStart="0">
                                <Start>3.2 -1.6</Start>
                                <End>5.5 1</End>
                                <Center>2.9000599033 0.9826393163</Center>
                            </Curve>
                            <Curve crvType="arc" radius="6.5" rot="cw" staStart="0">
                                <Start>5.5 1</Start>
                                <End>3.2 6</End>
                                <Center>-0.9998826749 1.0390539695</Center>
                            </Curve>
                            <Line name="line" staStart="0">
                                <Start>3.2 6</Start>
                                <End>-1 6</End>
                            </Line>
                            <Line name="line" staStart="0">
                                <Start>-1 6</Start>
                                <End>-1 1</End>
                            </Line>
                        </TunnelCoordGeom>
                    </TunnelProfSurf>
                </TunnelProfile>
                <TunnelProfile sta="507" name="Shotcrete Type 2">
                    <TunnelProfSurf name="2. Model Shotcrete">
                        <TunnelCoordGeom name="Shotcrete Type 2_2. Model Shotcrete">
                            <Line name="line" staStart="0">
                                <Start>-1 1</Start>
                                <End>-1 -1.6</End>
                            </Line>
                            <Line name="line" staStart="0">
                                <Start>-1 -1.6</Start>
                                <End>3.2 -1.6</End>
                            </Line>
                            <Curve crvType="arc" radius="2.5999980576" rot="cw" staStart="0">
                                <Start>3.2 -1.6</Start>
                                <End>5.5 1</End>
                                <Center>2.9000599033 0.9826393163</Center>
                            </Curve>
                            <Curve crvType="arc" radius="6.5" rot="cw" staStart="0">
                                <Start>5.5 1</Start>
                                <End>3.2 6</End>
                                <Center>-0.9998826749 1.0390539695</Center>
                            </Curve>
                            <Line name="line" staStart="0">
                                <Start>3.2 6</Start>
                                <End>-1 6</End>
                            </Line>
                            <Line name="line" staStart="0">
                                <Start>-1 6</Start>
                                <End>-1 1</End>
                            </Line>
                        </TunnelCoordGeom>
                    </TunnelProfSurf>
                </TunnelProfile>
                <TunnelProfile sta="509" name="Shotcrete Type 3">
                    <TunnelProfSurf name="2. Model Shotcrete">
                        <TunnelCoordGeom name="Shotcrete Type 3_2. Model Shotcrete">
                            <Line name="line" staStart="0">
                                <Start>-1 0</Start>
                                <End>-1 -2.6</End>
                            </Line>
                            <Line name="line" staStart="0">
                                <Start>-1 -2.6</Start>
                                <End>1.15 -2.6</End>
                            </Line>
                            <Curve crvType="arc" radius="2.5999980576" rot="cw" staStart="0">
                                <Start>1.15 -2.6</Start>
                                <End>3.75 0</End>
                                <Center>1.1500019424 -0.0000019424</Center>
                            </Curve>
                            <Curve crvType="arc" radius="2.5999980576" rot="cw" staStart="0">
                                <Start>3.75 0</Start>
                                <End>1.15 2.6</End>
                                <Center>1.1500019424 0.0000019424</Center>
                            </Curve>
                            <Line name="line" staStart="0">
                                <Start>1.15 2.6</Start>
                                <End>-1 2.6</End>
                            </Line>
                            <Line name="line" staStart="0">
                                <Start>-1 2.6</Start>
                                <End>-1 0</End>
                            </Line>
                        </TunnelCoordGeom>
                    </TunnelProfSurf>
                </TunnelProfile>
                <TunnelProfile sta="511.6" name="Shotcrete Type 3">
                    <TunnelProfSurf name="2. Model Shotcrete">
                        <TunnelCoordGeom name="Shotcrete Type 3_2. Model Shotcrete">
                            <Line name="line" staStart="0">
                                <Start>-1 0</Start>
                                <End>-1 -2.6</End>
                            </Line>
                            <Line name="line" staStart="0">
                                <Start>-1 -2.6</Start>
                                <End>1.15 -2.6</End>
                            </Line>
                            <Curve crvType="arc" radius="2.5999980576" rot="cw" staStart="0">
                                <Start>1.15 -2.6</Start>
                                <End>3.75 0</End>
                                <Center>1.1500019424 -0.0000019424</Center>
                            </Curve>
                            <Curve crvType="arc" radius="2.5999980576" rot="cw" staStart="0">
                                <Start>3.75 0</Start>
                                <End>1.15 2.6</End>
                                <Center>1.1500019424 0.0000019424</Center>
                            </Curve>
                            <Line name="line" staStart="0">
                                <Start>1.15 2.6</Start>
                                <End>-1 2.6</End>
                            </Line>
                            <Line name="line" staStart="0">
                                <Start>-1 2.6</Start>
                                <End>-1 0</End>
                            </Line>
                        </TunnelCoordGeom>
                    </TunnelProfSurf>
                </TunnelProfile>
                <TunnelProfile sta="511.6" name="Shotcrete">
                    <TunnelProfSurf name="2. Model Shotcrete">
                        <TunnelCoordGeom name="Shotcrete_2. Model Shotcrete">
                            <Line name="line" staStart="0">
                                <Start>-0.1 0</Start>
                                <End>-0.1 -0.33</End>
                            </Line>
                            <Line name="line" staStart="0">
                                <Start>-0.1 -0.33</Start>
                                <End>0.7 -0.33</End>
                            </Line>
                            <Curve crvType="arc" radius="0.33" rot="cw" staStart="0">
                                <Start>0.7 -0.33</Start>
                                <End>1.055 0</End>
                                <Center>0.7250013629 -0.0009484359</Center>
                            </Curve>
                            <Curve crvType="arc" radius="0.33" rot="cw" staStart="0">
                                <Start>1.055 0</Start>
                                <End>0.7 0.33</End>
                                <Center>0.7250013629 0.0009484359</Center>
                            </Curve>
                            <Line name="line" staStart="0">
                                <Start>0.7 0.33</Start>
                                <End>-0.1 0.33</End>
                            </Line>
                            <Line name="line" staStart="0">
                                <Start>-0.1 0.33</Start>
                                <End>-0.1 0</End>
                            </Line>
                        </TunnelCoordGeom>
                    </TunnelProfSurf>
                </TunnelProfile>
                <TunnelProfile sta="600" name="Shotcrete">
                    <TunnelProfSurf name="2. Model Shotcrete">
                        <TunnelCoordGeom name="Shotcrete_2. Model Shotcrete">
                            <Line name="line" staStart="0">
                                <Start>-0.1 0</Start>
                                <End>-0.1 -0.33</End>
                            </Line>
                            <Line name="line" staStart="0">
                                <Start>-0.1 -0.33</Start>
                                <End>0.7 -0.33</End>
                            </Line>
                            <Curve crvType="arc" radius="0.33" rot="cw" staStart="0">
                                <Start>0.7 -0.33</Start>
                                <End>1.055 0</End>
                                <Center>0.7250013629 -0.0009484359</Center>
                            </Curve>
                            <Curve crvType="arc" radius="0.33" rot="cw" staStart="0">
                                <Start>1.055 0</Start>
                                <End>0.7 0.33</End>
                                <Center>0.7250013629 0.0009484359</Center>
                            </Curve>
                            <Line name="line" staStart="0">
                                <Start>0.7 0.33</Start>
                                <End>-0.1 0.33</End>
                            </Line>
                            <Line name="line" staStart="0">
                                <Start>-0.1 0.33</Start>
                                <End>-0.1 0</End>
                            </Line>
                        </TunnelCoordGeom>
                    </TunnelProfSurf>
                </TunnelProfile>
                <TunnelProfile sta="302" name="Inner Lining Type A">
                    <TunnelProfSurf name="3. Model Inner lining">
                        <TunnelCoordGeom name="Inner Lining Type A_3. Model Inner lining">
                            <Line name="line" staStart="0">
                                <Start>-0.9 0.1</Start>
                                <End>-0.9 -2.1</End>
                            </Line>
                            <Line name="line" staStart="0">
                                <Start>-0.9 -2.1</Start>
                                <End>0.8500001567 -2.1</End>
                            </Line>
                            <Curve crvType="arc" radius="2.1999980576" rot="cw" staStart="0">
                                <Start>0.8500001567 -2.1</Start>
                                <End>3.05 0.0999997012</End>
                                <Center>0.8500019424 0.0999980576</Center>
                            </Curve>
                            <Curve crvType="arc" radius="2.1999980576" rot="cw" staStart="0">
                                <Start>3.05 0.0999997012</Start>
                                <End>0.8500001555 2.3</End>
                                <Center>0.8500019424 0.1000019424</Center>
                            </Curve>
                            <Line name="line" staStart="0">
                                <Start>0.8500001555 2.3</Start>
                                <End>-0.9 2.3</End>
                            </Line>
                            <Line name="line" staStart="0">
                                <Start>-0.9 2.3</Start>
                                <End>-0.9 0.1</End>
                            </Line>
                        </TunnelCoordGeom>
                    </TunnelProfSurf>
                </TunnelProfile>
                <TunnelProfile sta="480" name="Inner Lining Type A">
                    <TunnelProfSurf name="3. Model Inner lining">
                        <TunnelCoordGeom name="Inner Lining Type A_3. Model Inner lining">
                            <Line name="line" staStart="0">
                                <Start>-0.9 0.1</Start>
                                <End>-0.9 -2.1</End>
                            </Line>
                            <Line name="line" staStart="0">
                                <Start>-0.9 -2.1</Start>
                                <End>0.8500001567 -2.1</End>
                            </Line>
                            <Curve crvType="arc" radius="2.1999980576" rot="cw" staStart="0">
                                <Start>0.8500001567 -2.1</Start>
                                <End>3.05 0.0999997012</End>
                                <Center>0.8500019424 0.0999980576</Center>
                            </Curve>
                            <Curve crvType="arc" radius="2.1999980576" rot="cw" staStart="0">
                                <Start>3.05 0.0999997012</Start>
                                <End>0.8500001555 2.3</End>
                                <Center>0.8500019424 0.1000019424</Center>
                            </Curve>
                            <Line name="line" staStart="0">
                                <Start>0.8500001555 2.3</Start>
                                <End>-0.9 2.3</End>
                            </Line>
                            <Line name="line" staStart="0">
                                <Start>-0.9 2.3</Start>
                                <End>-0.9 0.1</End>
                            </Line>
                        </TunnelCoordGeom>
                    </TunnelProfSurf>
                </TunnelProfile>
                <TunnelProfile sta="490" name="Inner Lining Type 0">
                    <TunnelProfSurf name="3. Model Inner lining">
                        <TunnelCoordGeom name="Inner Lining Type 0_3. Model Inner lining">
                            <Line name="line" staStart="0">
                                <Start>-0.9 0.05</Start>
                                <End>-0.9 -2.45</End>
                            </Line>
                            <Line name="line" staStart="0">
                                <Start>-0.9 -2.45</Start>
                                <End>1.1500000371 -2.45</End>
                            </Line>
                            <Curve crvType="arc" radius="2.4999980576" rot="cw" staStart="0">
                                <Start>1.1500000371 -2.45</Start>
                                <End>3.65 0.0499999253</End>
                                <Center>1.1500019424 0.0499980576</Center>
                            </Curve>
                            <Curve crvType="arc" radius="2.4999980576" rot="cw" staStart="0">
                                <Start>3.65 0.0499999253</Start>
                                <End>1.1500000371 2.55</End>
                                <Center>1.1500019424 0.0500019424</Center>
                            </Curve>
                            <Line name="line" staStart="0">
                                <Start>1.1500000371 2.55</Start>
                                <End>-0.9 2.55</End>
                            </Line>
                            <Line name="line" staStart="0">
                                <Start>-0.9 2.55</Start>
                                <End>-0.9 0.05</End>
                            </Line>
                        </TunnelCoordGeom>
                    </TunnelProfSurf>
                </TunnelProfile>
                <TunnelProfile sta="500" name="Inner Lining Type 4">
                    <TunnelProfSurf name="3. Model Inner lining">
                        <TunnelCoordGeom name="Inner Lining Type 4_3. Model Inner lining">
                            <Line name="line" staStart="0">
                                <Start>-0.9 1</Start>
                                <End>-0.9 -1.5</End>
                            </Line>
                            <Line name="line" staStart="0">
                                <Start>-0.9 -1.5</Start>
                                <End>1.1500000371 -1.5</End>
                            </Line>
                            <Curve crvType="arc" radius="2.4999980576" rot="cw" staStart="0">
                                <Start>1.1500000371 -1.5</Start>
                                <End>3.65 0.9999999253</End>
                                <Center>1.1500019424 0.9999980576</Center>
                            </Curve>
                            <Curve crvType="arc" radius="2.4999980576" rot="cw" staStart="0">
                                <Start>3.65 0.9999999253</Start>
                                <End>1.1500000376 3.5</End>
                                <Center>1.1500019424 1.0000019424</Center>
                            </Curve>
                            <Line name="line" staStart="0">
                                <Start>1.1500000376 3.5</Start>
                                <End>-0.9 3.5</End>
                            </Line>
                            <Line name="line" staStart="0">
                                <Start>-0.9 3.5</Start>
                                <End>-0.9 1</End>
                            </Line>
                        </TunnelCoordGeom>
                    </TunnelProfSurf>
                </TunnelProfile>
                <TunnelProfile sta="502" name="Inner Lining Type 2">
                    <TunnelProfSurf name="3. Model Inner lining">
                        <TunnelCoordGeom name="Inner Lining Type 2_3. Model Inner lining">
                            <Line name="line" staStart="0">
                                <Start>-0.8 1</Start>
                                <End>-0.8 -1.4</End>
                            </Line>
                            <Line name="line" staStart="0">
                                <Start>-0.8 -1.4</Start>
                                <End>3.1881927981 -1.4</End>
                            </Line>
                            <Curve crvType="arc" radius="2.3999980576" rot="cw" staStart="0">
                                <Start>3.1881927981 -1.4</Start>
                                <End>5.3000044585 0.9986645618</End>
                                <Center>2.9000599033 0.9826393163</Center>
                            </Curve>
                            <Curve crvType="arc" radius="6.3" rot="cw" staStart="0">
                                <Start>5.3000044585 0.9986645618</Start>
                                <End>3.1260587807 5.8</End>
                                <Center>-0.9998661633 1.0390396602</Center>
                            </Curve>
                            <Line name="line" staStart="0">
                                <Start>3.1260587807 5.8</Start>
                                <End>-0.8 5.8</End>
                            </Line>
                            <Line name="line" staStart="0">
                                <Start>-0.8 5.8</Start>
                                <End>-0.8 1</End>
                            </Line>
                        </TunnelCoordGeom>
                    </TunnelProfSurf>
                </TunnelProfile>
                <TunnelProfile sta="507" name="Inner Lining Type 2">
                    <TunnelProfSurf name="3. Model Inner lining">
                        <TunnelCoordGeom name="Inner Lining Type 2_3. Model Inner lining">
                            <Line name="line" staStart="0">
                                <Start>-0.8 1</Start>
                                <End>-0.8 -1.4</End>
                            </Line>
                            <Line name="line" staStart="0">
                                <Start>-0.8 -1.4</Start>
                                <End>3.1881927981 -1.4</End>
                            </Line>
                            <Curve crvType="arc" radius="2.3999980576" rot="cw" staStart="0">
                                <Start>3.1881927981 -1.4</Start>
                                <End>5.3000044585 0.9986645618</End>
                                <Center>2.9000599033 0.9826393163</Center>
                            </Curve>
                            <Curve crvType="arc" radius="6.3" rot="cw" staStart="0">
                                <Start>5.3000044585 0.9986645618</Start>
                                <End>3.1260587807 5.8</End>
                                <Center>-0.9998661633 1.0390396602</Center>
                            </Curve>
                            <Line name="line" staStart="0">
                                <Start>3.1260587807 5.8</Start>
                                <End>-0.8 5.8</End>
                            </Line>
                            <Line name="line" staStart="0">
                                <Start>-0.8 5.8</Start>
                                <End>-0.8 1</End>
                            </Line>
                        </TunnelCoordGeom>
                    </TunnelProfSurf>
                </TunnelProfile>
                <TunnelProfile sta="509" name="Inner Lining Type 3">
                    <TunnelProfSurf name="3. Model Inner lining">
                        <TunnelCoordGeom name="Inner Lining Type 3_3. Model Inner lining">
                            <Line name="line" staStart="0">
                                <Start>-0.8 0</Start>
                                <End>-0.8 -2.4</End>
                            </Line>
                            <Line name="line" staStart="0">
                                <Start>-0.8 -2.4</Start>
                                <End>1.150000076 -2.4</End>
                            </Line>
                            <Curve crvType="arc" radius="2.3999980576" rot="cw" staStart="0">
                                <Start>1.150000076 -2.4</Start>
                                <End>3.55 -0.0000001494</End>
                                <Center>1.1500019424 -0.0000019424</Center>
                            </Curve>
                            <Curve crvType="arc" radius="2.3999980576" rot="cw" staStart="0">
                                <Start>3.55 -0.0000001494</Start>
                                <End>1.150000076 2.4</End>
                                <Center>1.1500019424 0.0000019424</Center>
                            </Curve>
                            <Line name="line" staStart="0">
                                <Start>1.150000076 2.4</Start>
                                <End>-0.8 2.4</End>
                            </Line>
                            <Line name="line" staStart="0">
                                <Start>-0.8 2.4</Start>
                                <End>-0.8 0</End>
                            </Line>
                        </TunnelCoordGeom>
                    </TunnelProfSurf>
                </TunnelProfile>
                <TunnelProfile sta="509" name="Inner Lining Type 1">
                    <TunnelProfSurf name="3. Model Inner lining">
                        <TunnelCoordGeom name="Inner Lining Type 1_3. Model Inner lining">
                            <Line name="line" staStart="0">
                                <Start>-0.8 0</Start>
                                <End>-0.8 -2.4</End>
                            </Line>
                            <Line name="line" staStart="0">
                                <Start>-0.8 -2.4</Start>
                                <End>1.150000076 -2.4</End>
                            </Line>
                            <Curve crvType="arc" radius="2.3999980576" rot="cw" staStart="0">
                                <Start>1.150000076 -2.4</Start>
                                <End>3.55 -0.0000001494</End>
                                <Center>1.1500019424 -0.0000019424</Center>
                            </Curve>
                            <Curve crvType="arc" radius="2.3999980576" rot="cw" staStart="0">
                                <Start>3.55 -0.0000001494</Start>
                                <End>1.150000076 2.4</End>
                                <Center>1.1500019424 0.0000019424</Center>
                            </Curve>
                            <Line name="line" staStart="0">
                                <Start>1.150000076 2.4</Start>
                                <End>-0.8 2.4</End>
                            </Line>
                            <Line name="line" staStart="0">
                                <Start>-0.8 2.4</Start>
                                <End>-0.8 0</End>
                            </Line>
                        </TunnelCoordGeom>
                    </TunnelProfSurf>
                </TunnelProfile>
                <TunnelProfile sta="511.6" name="Inner Lining Type 1">
                    <TunnelProfSurf name="3. Model Inner lining">
                        <TunnelCoordGeom name="Inner Lining Type 1_3. Model Inner lining">
                            <Line name="line" staStart="0">
                                <Start>-0.8 0</Start>
                                <End>-0.8 -2.4</End>
                            </Line>
                            <Line name="line" staStart="0">
                                <Start>-0.8 -2.4</Start>
                                <End>1.150000076 -2.4</End>
                            </Line>
                            <Curve crvType="arc" radius="2.3999980576" rot="cw" staStart="0">
                                <Start>1.150000076 -2.4</Start>
                                <End>3.55 -0.0000001494</End>
                                <Center>1.1500019424 -0.0000019424</Center>
                            </Curve>
                            <Curve crvType="arc" radius="2.3999980576" rot="cw" staStart="0">
                                <Start>3.55 -0.0000001494</Start>
                                <End>1.150000076 2.4</End>
                                <Center>1.1500019424 0.0000019424</Center>
                            </Curve>
                            <Line name="line" staStart="0">
                                <Start>1.150000076 2.4</Start>
                                <End>-0.8 2.4</End>
                            </Line>
                            <Line name="line" staStart="0">
                                <Start>-0.8 2.4</Start>
                                <End>-0.8 0</End>
                            </Line>
                        </TunnelCoordGeom>
                    </TunnelProfSurf>
                </TunnelProfile>
                <TunnelProfile sta="511.6" name="Inner lining">
                    <TunnelProfSurf name="3. Model Inner lining">
                        <TunnelCoordGeom name="Inner lining_3. Model Inner lining">
                            <Line name="line" staStart="0">
                                <Start>-0.1 0</Start>
                                <End>-0.1 -0.174</End>
                            </Line>
                            <Line name="line" staStart="0">
                                <Start>-0.1 -0.174</Start>
                                <End>0.115 -0.174</End>
                            </Line>
                            <Curve crvType="arc" radius="0.33" rot="cw" staStart="0">
                                <Start>0.115 -0.174</Start>
                                <End>0.4 -0.3</End>
                                <Center>0.3751271009 0.0290612996</Center>
                            </Curve>
                            <Line name="line" staStart="0">
                                <Start>0.4 -0.3</Start>
                                <End>0.7 -0.3</End>
                            </Line>
                            <Curve crvType="arc" radius="0.3" rot="cw" staStart="0">
                                <Start>0.7 -0.3</Start>
                                <End>1.025 0</End>
                                <Center>0.7250018153 -0.0010436332</Center>
                            </Curve>
                            <Curve crvType="arc" radius="0.3" rot="cw" staStart="0">
                                <Start>1.025 0</Start>
                                <End>0.7 0.3</End>
                                <Center>0.7250018153 0.0010436332</Center>
                            </Curve>
                            <Line name="line" staStart="0">
                                <Start>0.7 0.3</Start>
                                <End>0.4 0.3</End>
                            </Line>
                            <Curve crvType="arc" radius="0.33" rot="cw" staStart="0">
                                <Start>0.4 0.3</Start>
                                <End>0.093 0.13</End>
                                <Center>0.3818924479 -0.0295028324</Center>
                            </Curve>
                            <Line name="line" staStart="0">
                                <Start>0.093 0.13</Start>
                                <End>-0.1 0.13</End>
                            </Line>
                            <Line name="line" staStart="0">
                                <Start>-0.1 0.13</Start>
                                <End>-0.1 0</End>
                            </Line>
                        </TunnelCoordGeom>
                    </TunnelProfSurf>
                </TunnelProfile>
                <TunnelProfile sta="600" name="Inner lining">
                    <TunnelProfSurf name="3. Model Inner lining">
                        <TunnelCoordGeom name="Inner lining_3. Model Inner lining">
                            <Line name="line" staStart="0">
                                <Start>-0.1 0</Start>
                                <End>-0.1 -0.174</End>
                            </Line>
                            <Line name="line" staStart="0">
                                <Start>-0.1 -0.174</Start>
                                <End>0.115 -0.174</End>
                            </Line>
                            <Curve crvType="arc" radius="0.33" rot="cw" staStart="0">
                                <Start>0.115 -0.174</Start>
                                <End>0.4 -0.3</End>
                                <Center>0.3751271009 0.0290612996</Center>
                            </Curve>
                            <Line name="line" staStart="0">
                                <Start>0.4 -0.3</Start>
                                <End>0.7 -0.3</End>
                            </Line>
                            <Curve crvType="arc" radius="0.3" rot="cw" staStart="0">
                                <Start>0.7 -0.3</Start>
                                <End>1.025 0</End>
                                <Center>0.7250018153 -0.0010436332</Center>
                            </Curve>
                            <Curve crvType="arc" radius="0.3" rot="cw" staStart="0">
                                <Start>1.025 0</Start>
                                <End>0.7 0.3</End>
                                <Center>0.7250018153 0.0010436332</Center>
                            </Curve>
                            <Line name="line" staStart="0">
                                <Start>0.7 0.3</Start>
                                <End>0.4 0.3</End>
                            </Line>
                            <Curve crvType="arc" radius="0.33" rot="cw" staStart="0">
                                <Start>0.4 0.3</Start>
                                <End>0.093 0.13</End>
                                <Center>0.3818924479 -0.0295028324</Center>
                            </Curve>
                            <Line name="line" staStart="0">
                                <Start>0.093 0.13</Start>
                                <End>-0.1 0.13</End>
                            </Line>
                            <Line name="line" staStart="0">
                                <Start>-0.1 0.13</Start>
                                <End>-0.1 0</End>
                            </Line>
                        </TunnelCoordGeom>
                    </TunnelProfSurf>
                </TunnelProfile>
                <Feature code="RR Tunnel Rotations">
                    <Feature code="RR Tunnel Rotation Table">
                        <Property label="name" value="RotationTable_5CD80ED5-394-425D-87679536E7B66169"/>
                    </Feature>
                    <Feature code="RR Tunnel Rotation Table">
                        <Property label="name" value="RotationTable_35C72A9A-BE23-4804-878558A196405132"/>
                    </Feature>
                    <Feature code="RR Tunnel Rotation Table">
                        <Property label="name" value="RotationTable_2AE146-B4C2-4EA4-8E72B1CB16CDC3D8"/>
                    </Feature>
                </Feature>
                <Feature code="RR Tunnel Profiles">
                    <Feature code="RR Tunnel Profile">
                        <Property label="ProfileName" value="Excavation Type 3_4AA7304A-2982-4105-ABB2A745BE4B55B2"/>
                        <Property label="Show" value="YES"/>
                    </Feature>
                    <Feature code="RR Tunnel Profile">
                        <Property label="ProfileName" value="Excavation Type 2_4E79E555-10B0-4B05-8ECF4A51AB5284CD"/>
                        <Property label="Show" value="YES"/>
                    </Feature>
                    <Feature code="RR Tunnel Profile">
                        <Property label="ProfileName" value="Excavation Type A_6020CF0-9BEF-4309-AC1C531028AA1A1"/>
                        <Property label="Show" value="YES"/>
                    </Feature>
                    <Feature code="RR Tunnel Profile">
                        <Property label="ProfileName" value="Shotcrete Type 0_68207C1C-D6AA-40EC-8AED6BA5A9C934B"/>
                        <Property label="Show" value="YES"/>
                    </Feature>
                    <Feature code="RR Tunnel Profile">
                        <Property label="ProfileName" value="Excavation 2 (511.70)_6DC971C5-1EF7-4A19-91C0D5BDD87C62"/>
                        <Property label="Show" value="YES"/>
                    </Feature>
                    <Feature code="RR Tunnel Profile">
                        <Property label="ProfileName" value="Wall_9C693C4F-22FC-4A41-8412885AA688213"/>
                        <Property label="Show" value="YES"/>
                    </Feature>
                    <Feature code="RR Tunnel Profile">
                        <Property label="ProfileName" value="Excavation_B0F20BB1-5E3-4BCC-877DF78E470B6F9"/>
                        <Property label="Show" value="YES"/>
                    </Feature>
                    <Feature code="RR Tunnel Profile">
                        <Property label="ProfileName" value="Excavation Type 1_FC9D5B2F-5A4B-4046-988AE955F96DC78B"/>
                        <Property label="Show" value="YES"/>
                    </Feature>
                    <Feature code="RR Tunnel Profile">
                        <Property label="ProfileName" value="Shotcrete Type 1_283584D8-B61E-4894-9F7A5CF0E9B9A66"/>
                        <Property label="Show" value="YES"/>
                    </Feature>
                    <Feature code="RR Tunnel Profile">
                        <Property label="ProfileName" value="Shotcrete Type 4_2B31AE17-1D8A-441B-BA779DECA4FA99B0"/>
                        <Property label="Show" value="YES"/>
                    </Feature>
                    <Feature code="RR Tunnel Profile">
                        <Property label="ProfileName" value="Shotcrete_93976193-110F-4689-A434FB642871A92"/>
                        <Property label="Show" value="YES"/>
                    </Feature>
                    <Feature code="RR Tunnel Profile">
                        <Property label="ProfileName" value="Shotcrete Type 3_A3DA2A7E-F68A-409C-81101498205BA8D0"/>
                        <Property label="Show" value="YES"/>
                    </Feature>
                    <Feature code="RR Tunnel Profile">
                        <Property label="ProfileName" value="Shotcrete Type A_B3BD712F-F82A-4D46-ACB7AF6A74B7EADF"/>
                        <Property label="Show" value="YES"/>
                    </Feature>
                    <Feature code="RR Tunnel Profile">
                        <Property label="ProfileName" value="Shotcrete Type 2_BC86F2B8-B105-4F05-8012C9386625F819"/>
                        <Property label="Show" value="YES"/>
                    </Feature>
                    <Feature code="RR Tunnel Profile">
                        <Property label="ProfileName" value="Shotcrete Type 0_F3229630-10B5-44B7-A632842054383313"/>
                        <Property label="Show" value="YES"/>
                    </Feature>
                    <Feature code="RR Tunnel Profile">
                        <Property label="ProfileName" value="Inner Lining Type 2_338A413D-8E62-45C3-98DF5F66624C3A0"/>
                        <Property label="Show" value="YES"/>
                    </Feature>
                    <Feature code="RR Tunnel Profile">
                        <Property label="ProfileName" value="Inner Lining Type 1_36320BB0-79DB-49B2-9FAB6E2C19E7437E"/>
                        <Property label="Show" value="YES"/>
                    </Feature>
                    <Feature code="RR Tunnel Profile">
                        <Property label="ProfileName" value="Inner Lining Type A_47C637F5-6EEC-4441-84E772E0EC69674A"/>
                        <Property label="Show" value="YES"/>
                    </Feature>
                    <Feature code="RR Tunnel Profile">
                        <Property label="ProfileName" value="Inner Lining Type 0_67707B0-294-469B-92342672D1D7B18F"/>
                        <Property label="Show" value="YES"/>
                    </Feature>
                    <Feature code="RR Tunnel Profile">
                        <Property label="ProfileName" value="Inner Lining Type 3_78BD781C-3F0E-431B-ADD595E65578E872"/>
                        <Property label="Show" value="YES"/>
                    </Feature>
                    <Feature code="RR Tunnel Profile">
                        <Property label="ProfileName" value="Inner lining_8C07A8B4-775B-4C10-8F457FA173B6132B"/>
                        <Property label="Show" value="YES"/>
                    </Feature>
                    <Feature code="RR Tunnel Profile">
                        <Property label="ProfileName" value="Inner Lining Type 4_E06A9A7B-2D37-45EE-9C4C11B1E436597F"/>
                        <Property label="Show" value="YES"/>
                    </Feature>
                </Feature>
                <Feature code="RR Tunnel Layers">
                    <Feature code="RR Tunnel Layer">
                        <Property label="LayerName" value="1. Model Excavation"/>
                        <Property label="ProfileType" value="perpendicular"/>
                        <Property label="Show" value="YES"/>
                        <Property label="Rotate" value="YES"/>
                        <Property label="RotationTable" value="RotationTable_5CD80ED5-394-425D-87679536E7B66169"/>
                    </Feature>
                    <Feature code="RR Tunnel Layer">
                        <Property label="LayerName" value="2. Model Shotcrete"/>
                        <Property label="ProfileType" value="perpendicular"/>
                        <Property label="Show" value="YES"/>
                        <Property label="Rotate" value="YES"/>
                        <Property label="RotationTable" value="RotationTable_35C72A9A-BE23-4804-878558A196405132"/>
                    </Feature>
                    <Feature code="RR Tunnel Layer">
                        <Property label="LayerName" value="3. Model Inner lining"/>
                        <Property label="ProfileType" value="perpendicular"/>
                        <Property label="Show" value="YES"/>
                        <Property label="Rotate" value="YES"/>
                        <Property label="RotationTable" value="RotationTable_2AE146-B4C2-4EA4-8E72B1CB16CDC3D8"/>
                    </Feature>
                </Feature>
            </TunnelProfiles>
            <CoordGeom name="Situation">
                <Line name="line" staStart="200">
                    <Start>-103.563 486.523</Start>
                    <End>123.946 577.129</End>
                </Line>
                <Line name="line" staStart="444.8869995666">
                    <Start>123.946 577.129</Start>
                    <End>148.895 587.065</End>
                </Line>
                <Curve crvType="arc" radius="212.3729998972" rot="cw" staStart="471.7417327993">
                    <Start>148.895 587.065</Start>
                    <End>154.211 589.266</End>
                    <Center>70.3190497447 784.3670808983</Center>
                </Curve>
                <Spiral constant="40.9558331347" length="24.505" radiusEnd="42.561" radiusStart="112.529" rot="ccw" spiType="clothoid" staStart="477.4955386724">
                    <Start>154.211 589.266</Start>
                    <PI>167.3596852192 594.7750201562</PI>
                    <End>177.9218580575 594.7749739242</End>
                </Spiral>
                <Line name="line" staStart="502.0005386724">
                    <Start>177.9218 594.775</Start>
                    <End>187.9218 594.775</End>
                </Line>
                <Line name="line" staStart="512.0005386724">
                    <Start>187.9218 594.775</Start>
                    <End>197.9218 594.775</End>
                </Line>
                <Spiral constant="100" length="100" radiusEnd="100" radiusStart="INF" rot="cw" spiType="clothoid" staStart="522.0005386724">
                    <Start>197.9218 594.775</Start>
                    <PI>265.4829134607 594.775</PI>
                    <End>295.45056882 611.1464047376</End>
                </Spiral>
                <Curve crvType="arc" radius="99.999999901" rot="cw" staStart="622.0005386724">
                    <Start>295.4506 611.1464</Start>
                    <End>347.257545 691.830936</End>
                    <Center>247.5080464442 698.9046562427</Center>
                </Curve>
            </CoordGeom>
            <Profile>
                <ProfAlign name="Longitudial profile">
                    <PVI>0 218.8786</PVI>
                    <CircCurve length="0.0001224503" radius="100">444.886 220.065</CircCurve>
                    <CircCurve length="0.8870662032" radius="100">477.495 220.152</CircCurve>
                    <CircCurve length="0.0620269643" radius="10">502 220</CircCurve>
                    <CircCurve length="98.0580675691" radius="500">622 220</CircCurve>
                    <PVI>722 240</PVI>
                </ProfAlign>
            </Profile>
        </Alignment>
    </Alignments>
</LandXML>
